id,teacher,instrument,status,quantity,quantity_unit,entry_price,exit_price,pnl_percent,created_at
d73f5be4-62ca-4871-9195-45f97a56ca23,sharkgu,8028 昇陽半導體,open,500,股,266,,-0.38,2026-08-14 02:44:45.193948+00
040ebbfc-2810-462d-805d-232d5e41f37d,sharkgu,2478 大毅,open,1000,張,130,,-3.85,2026-08-14 02:44:45.193948+00
20379156-37fd-4a0c-a757-56cd2c292bbb,sharkgu,6515 穎崴,closed,50,股,6341.80,6885,8.57,2026-08-14 02:38:59.710306+00
c0cf1c9a-db60-4220-9b66-919961f986c4,master-zhou,SOXL,open,1,股,149.73,,-3.19,2026-08-14 00:35:00.927982+00
73c5cf08-097f-4b81-b3ec-c67efb050179,master-zhou,ORCL,open,10,股,152.12,,-1.05,2026-08-13 02:46:48.402153+00
8f1e4762-3734-4fe9-87c7-d673d7a29222,master-brcto,078397 同欣電富邦64購02,open,50000,張,1.01,,1.98,2026-08-12 01:26:45.24025+00
ccd84ef4-beea-4c8f-a17a-910c5e6661c0,sharkgu,3163 波若威,open,300,股,702,,4.42,2026-08-12 01:15:54.618573+00
18877dc5-73f5-49fe-984f-2b7984a0160a,master-brcto,079052 樺漢元大64購03,open,50000,張,1.67,,-27.54,2026-08-10 01:40:33.088323+00
54babfe9-2a1a-4040-b280-ef55ba83d66e,benny,WDC,open,10,股,460.1,,10.58,2026-08-07 00:56:34.625856+00
c7dd514b-6c52-4d2d-ad7e-4b024636bb66,master-zhou,AMD Advanced Micro Devices Inc,open,15,股,484.5,,6.17,2026-08-07 00:45:41.975807+00
0a2ebbba-680b-48c4-98cb-c5c3df7cce4e,sharkgu,6138 茂達,open,1000,張,287,,1.39,2026-08-06 03:12:28.94582+00
c5b502d0-8a67-49aa-958b-63d1d71cc0b5,sharkgu,8299 群聯,open,100,股,1815,,14.88,2026-08-04 02:08:54.322813+00
371e1650-35b9-4c54-a48c-24ac33f1fc7d,benny,SPCX Space Exploration Technologies Corp,open,50,股,109.9,,27.39,2026-08-04 01:07:37.582362+00
7af15eb9-efcb-431e-b4bd-2510d30bfcdb,master-zhou,PLTR,closed,30,股,124.82,156.43,25.32,2026-08-04 00:38:48.790686+00
3dd0fa50-6152-4a0d-8a97-061bebe977bc,master-brcto,074183 統新台新61購01,closed,30000,張,0.81,1.28,58.02,2026-08-03 03:23:32.730648+00
908c7533-2180-4355-8eca-6a0b1ef3ce5c,sharkgu,3363 上詮,closed,200,股,535.86,528,-1.47,2026-08-03 01:35:18.747283+00
4899b17b-22c2-40e5-9b73-44606d1793b9,master-zhou,VRT,closed,15,股,227.2,273.3,20.29,2026-07-31 00:13:08.445788+00
e6ac4a56-db38-45c4-a6cc-6809434cb9a1,master-zhou,META Meta Platforms Inc,closed,10,股,530.3,593.89,11.99,2026-07-31 00:13:08.445788+00
2e1e79e4-caa2-4f95-a94e-4bc0438f1efe,master-brcto,707414 前鼎統一74購01,closed,50000,張,0.49,0.76,55.10,2026-07-30 03:53:02.602277+00
0403a5bd-e220-4f51-89e3-225621cec89f,sharkgu,6285 啟碁,closed,500,股,251.75,221,-12.21,2026-07-29 01:24:44.438107+00
094c7df5-5715-44b4-a293-098393639408,master-lever,RKLB 57.5/47.5P + 77.5/87.5C,open,1,組,6.40,,1153.91,2026-07-28 15:14:58.530928+00
1427b0a1-21e4-4744-b6a6-10d505587c01,master-lever,SNDK 950/925P + 1600/1625C,open,1,組,13.25,,12285.74,2026-07-28 15:14:58.530928+00
49ff2996-3ea8-47a5-8800-3a29fb778106,master-lever,LUNR 11/8P + 16/19C,open,2,組,2.05,,827.32,2026-07-28 15:14:58.530928+00
00dd0a19-de95-468e-ac87-2106ef08857d,sharkgu,3363 上詮,closed,500,股,535.86,602,12.34,2026-07-27 01:44:13.737054+00
f32b7682-65e6-4a80-8efe-00454875a5d0,benny,INTC,closed,20,股,100.2,99.48,-0.72,2026-07-24 02:00:54.813633+00
9256006e-d488-4a69-abdf-ab25ab5a43e8,sharkgu,6515 穎崴,open,50,股,6341.80,,4.23,2026-07-24 01:27:46.805215+00
13d7aa4a-16b6-43da-acfb-2a3beca7dab4,sharkgu,6285 啟碁,closed,1000,股,258.13,259,0.34,2026-07-23 02:24:54.517844+00
618f5740-c14d-4ce2-a184-607b5f380c9b,master-zhou,INTC,closed,40,股,104.39,99.28,-4.90,2026-07-22 00:55:39.494582+00
a8a35251-2b3a-4e65-bd62-dccae23b8d0f,benny,AMD,open,25,股,504.43,,1.97,2026-07-21 14:27:35.168293+00
4f6b955b-445d-4246-9df8-c470596794b5,benny,GLW,closed,30,股,155.80,163.49,4.94,2026-07-21 14:27:35.168293+00
36d7358a-f1ba-46b0-9c2d-62262737c4f4,benny,GOOG,closed,32,股,327.85,337.25,2.87,2026-07-21 14:27:35.168293+00
ac538296-1b5a-45eb-a04a-84dbcc6354d1,sharkgu,4576 大銀微系統,closed,1000,張,198.01,219,10.60,2026-07-21 02:28:56.432507+00
5d6279c5-346e-42de-ac44-08f3040bb76c,master-brcto,068003 國巨統一75購01,open,50000,張,0.97,,0,2026-07-20 05:11:13.756377+00
31f78ad0-026b-4bdd-b13e-7b1e80524a5f,master-brcto,071111 華邦電永豐5C購03,closed,70000,張,0.68,1.19,75.00,2026-07-20 05:11:13.756377+00
139e02bc-b76f-4bb2-8435-b25c9431de36,master-zhou,TSM,closed,10,股,408,431.4,5.74,2026-07-17 00:39:38.69979+00
f0d281f4-4939-4b1b-b572-9911863360f5,master-zhou,META,closed,5,股,592,675.25,14.06,2026-07-17 00:35:41.182258+00
4d2806bf-8692-4292-8b00-0896791228e7,master-brcto,064781 勤誠兆豐5C購01,closed,30000,張,1.16,0.99,-14.66,2026-07-15 05:27:10.490107+00
e258ee1b-00bc-4c2b-8450-e1c48f7c8902,sharkgu,00631L 元大台灣50正2,closed,5000,張,33.89,34.9,2.98,2026-07-15 05:23:18.114979+00
1d6afa4d-b9ab-4f84-94a5-8300897ce4af,master-zhou,META,closed,15,股,592,649,9.63,2026-07-10 04:02:42.674761+00
bb238025-b9fe-4f8c-85da-0dc0650191e8,master-brcto,071745 T50正2台新66購01,open,30000,張,2.11,,,2026-07-09 01:38:24.599421+00
55c3bd02-b60a-4b51-b10a-c71d982a6fab,sharkgu,3693 營邦,closed,499,股,550,494,-10.18,2026-07-08 01:06:35.939848+00
28d4a981-303c-4b0a-9036-222a44efe143,sharkgu,4755 三福化,closed,1000,張,141,120,-14.89,2026-07-07 01:14:50.949542+00
8e6c8f52-85ad-47e5-8f6e-bdbbadaa4fe6,master-brcto,707414 前鼎統一74購01,closed,50000,張,0.83,0.51,-38.55,2026-07-03 01:29:23.268235+00
35338dec-fea5-44f2-88f1-4ae670223568,sharkgu,3167 大量,closed,200,股,820,822,0.24,2026-07-03 00:48:04.631971+00
84111861-546e-4193-92d1-f84f4889eb2e,sharkgu,2359 所羅門,closed,1000,股,130,139,6.92,2026-07-03 00:32:05.73282+00
4057a1aa-1a77-4335-88e5-cdee19ce685c,sharkgu,4939 亞電,closed,2000,股,63.8,57.2,-10.34,2026-07-03 00:32:05.73282+00
9b5bb24a-c98b-4692-8af5-c0105b04152b,master-brcto,071939 瑞昱統一6A購01,closed,30000,股,1.29,1.1,-14.73,2026-07-01 03:42:28.887439+00
6229d470-34ff-4c46-b364-69c46f1794c8,sharkgu,6907 雅特力-KY,closed,1000,股,149,185,24.16,2026-06-26 01:27:36.369594+00
84cd79bb-1752-4c6d-ac26-a567cb16f109,master-zhou,CRM 賽富時,closed,30,股,152.6,159.33,4.41,2026-06-24 00:32:38.416647+00
0e178e95-52b1-4849-850b-267e7a8c9fe0,master-zhou,AMZN 亞馬遜,closed,20,股,234.74,242,3.09,2026-06-24 00:32:38.416647+00
92fdbdc9-342c-4e3b-abbb-7cd907de4e1e,master-zhou,GOOGL,closed,20,股,343.04,365.2,6.46,2026-06-23 00:27:05.469404+00
5e15e977-200a-42d4-8929-122734f89833,master-brcto,068736 神達元大5B購03,closed,20000,股,1.43,1.27,-11.19,2026-06-22 01:07:08.317844+00
428696b3-1668-456a-8b1a-8bd29c93657a,master-brcto,069559 力成元大62購01,closed,80000,張,0.77,0.35,-54.55,2026-06-18 01:26:15.025094+00
b9d930a9-58b9-40d5-ab10-38b49ff01eb2,master-brcto,063693 辛耘國泰61購02,closed,20000,股,1.98,2.29,15.66,2026-06-18 01:26:15.025094+00
ce94cddf-0a84-4a7d-b3fb-e864d97ae136,master-brcto,062787 貿聯群益5A購02,closed,50029,股,1.12,0.64,-42.86,2026-06-18 01:26:15.025094+00
1676c6e6-f05f-448d-a895-4270571eb2c7,master-zhou,NVDA 輝達,closed,50,股,201.02,196.02,-2.49,2026-06-18 00:34:31.634529+00
09136e6f-d7c8-4d26-a058-2e5c25416e0a,master-zhou,ZM ZOOM,closed,20,股,89,92.43,3.85,2026-06-18 00:34:31.634529+00
37bda1c5-3e81-4d3b-9d02-0e6800f5fbac,master-zhou,QCOM 高通,open,30,股,198.19,,-16.35,2026-06-18 00:34:31.634529+00
59b7a438-313d-4a18-a531-d7c91143215c,master-zhou,SPCX Space X,open,60,股,140.20,,-0.14,2026-06-18 00:34:31.634529+00
de7c12e0-0d6f-423e-859e-f4992e674f79,master-brcto,708938 臺慶科統一65購01,closed,20000,股,1.22,1.31,7.38,2026-06-17 01:17:03.61007+00
fdd1b5be-1532-423b-a764-f6890613f44c,master-brcto,709803 宏捷科台新5C購01,closed,20000,股,1.68,1.07,-36.31,2026-06-17 01:17:03.61007+00
0877f267-cf1f-485d-81b1-139ceafd10c2,sharkgu,6285 啟碁,closed,1000,股,251.75,250,-0.70,2026-06-15 03:08:36.42189+00
9ff30202-6c7d-418b-b0fc-2c8462799e36,sharkgu,3081 聯亞,closed,150,股,2199,2185,-0.64,2026-06-12 01:53:06.222046+00
b1fad3d4-f271-4b5d-a200-8b5c1bc6ae96,sharkgu,2356 英業達,closed,1000,張,70.3,66.7,-5.12,2026-06-09 04:43:15.250244+00
7c53e287-4ed3-49f0-b816-c9ce382d7a8a,sharkgu,8046 南電,closed,500,股,829.80,1115,34.37,2026-06-09 01:05:47.569844+00
f6a7c1ad-28df-48c2-b00d-01f3bc0572c2,sharkgu,2303 聯電,closed,1000,股,126.5,175,38.34,2026-06-04 01:05:38.474947+00
29ebff88-5779-41c0-888c-536c46ddc99f,sharkgu,4971 IET-KY,closed,500,股,733.60,525,-28.44,2026-06-03 03:46:18.464072+00
61e78e20-2a37-4f06-a42b-4ffd3b9775ea,sharkgu,1514 亞力,closed,1000,股,127,126,-0.79,2026-06-01 01:37:50.024572+00
5998d6e4-8030-43cb-a97c-8a0380ea4a50,sharkgu,3152 璟德,closed,1000,股,199,221,11.06,2026-05-29 01:20:53.213802+00
8c6316bc-942e-44f0-880f-df36c3dde8df,sharkgu,2367 燿華,closed,2000,股,67.8,62.8,-7.37,2026-05-28 01:25:09.568402+00
37d49676-c4c2-40b6-b0fd-f6116811bd00,sharkgu,1815 富喬,closed,2000,股,106.50,98.3,-7.70,2026-05-27 01:46:52.008934+00
8589fa3f-de40-4ed7-89bb-54bfc2f143c3,sharkgu,6202 盛群,closed,2000,股,60.7,55.3,-8.90,2026-05-27 01:46:52.008934+00
c12dc499-fad9-4dad-8ade-46e480e0cc71,sharkgu,3028 增你強,closed,2000,股,81,84,3.70,2026-05-25 04:56:56.349517+00
719f83f4-5e0c-4bca-afd4-da7811c32813,sharkgu,6191 精成科,closed,2000,股,96.5,97.3,0.83,2026-05-21 01:13:54.665809+00
6477775a-4c3a-42f3-870c-ae5f6034968d,sharkgu,5269 祥碩,closed,100,股,1405,1525,8.54,2026-05-19 01:34:22.6519+00
fa56cc3a-5b78-4aa1-bacc-b61c6a75b164,sharkgu,4966 譜瑞,closed,200,股,769,910,18.34,2026-05-19 01:34:22.6519+00
9e7616bd-dbb8-4a23-8724-18be78d8b10a,sharkgu,3702 大聯大,closed,1000,股,114,124,8.77,2026-05-13 01:31:30.463512+00
59281565-c688-4e26-86a5-dc1a45a84806,sharkgu,8131 福懋科,closed,2000,股,64.95,69,6.24,2026-05-08 04:57:30.539132+00
20cdec02-7b92-40e7-b24f-88679557923b,sharkgu,8299 群聯,closed,100,股,2400,2580,7.50,2026-05-07 03:30:17.898188+00
1a838de1-8550-44c8-adff-b6d313136993,sharkgu,3006 晶豪科,closed,1000,股,174,238,36.78,2026-05-04 12:02:01.910035+00
1a5b39de-2d3a-49ff-a1af-341b91f9171d,sharkgu,3035 智原,closed,1000,股,169,207.5,22.78,2026-05-04 11:57:25.155704+00
da575c87-5ddf-45d6-a365-966da41aff31,sharkgu,6526 達發,closed,500,股,585,752,28.55,2026-05-04 11:52:32.542464+00
