id,teacher,name,wk,status,action,instrument,l_sum,l_det,l_lp,content_md5,quantity,quantity_unit,price_hint,created_at,published_at
0128c356-2c1a-449a-8e46-8ce756c8a8e3,sharkgu,彥愷,2026-W31,published,trim,6285 啟碁,55,20,0,91bac9378dff936d6dadae6cd8b81266,500,股,221,2026-07-29 01:24:44.438107+00,2026-07-29 01:24:44.438107+00
02c81894-b98f-456f-8b7e-a385abf28a17,master-brcto,brcto,2026-W30,published,exit,064781 勤誠兆豐5C購01,11,0,0,d2d28bb69bd9db8111402af152fe1f2b,30,股,0.99,2026-07-20 05:08:28.216728+00,2026-07-20 05:08:28.216728+00
0402c23c-7c78-4973-91a2-bb75f9b0ba85,master-brcto,brcto,2026-W30,published,add,069559 力成元大62購01,37,0,0,3212a209e1a1bca6bb37e3ccc5e1db54,30,張,0.68,2026-07-23 01:07:46.358052+00,2026-07-23 01:07:46.358052+00
0654ee9a-eedd-44a9-ad4d-0fa48998fe87,benny,Benny,2026-W30,published,buy,GOOG,46,9,0,cbd9bb60de7e35dff2518dbff05b20ee,10,股,348.9,2026-07-21 14:27:35.168293+00,2026-07-21 14:27:35.168293+00
0801048c-1af7-44ed-95e8-65539bdc5af3,master-zhou,老周老周,2026-W31,published,sell,NVDA 輝達,70,49,0,13693a32e47d3d2610f864c496fe4028,50,股,196.02,2026-07-30 00:27:47.247051+00,2026-07-30 00:27:47.247051+00
0a3c197d-60b5-4467-884e-eabbdf8ace9f,sharkgu,彥愷,2026-W21,published,buy,5269 祥碩,18,26,0,45ab007f80f160c06bc2059a76a301af,100,股,1405,2026-05-19 01:34:22.6519+00,2026-05-19 01:34:22.6519+00
0aae5d96-34a9-43c3-af28-09739b8bdb8d,master-brcto,brcto,2026-W27,published,buy,707414 前鼎統一74購01,38,0,0,772ef53ccabca221c9aa7568e244f6e6,30,張,0.83,2026-07-03 01:29:23.268235+00,2026-07-03 01:29:23.268235+00
0ad9cb57-9a63-4bc7-8f43-d7e55d26b713,sharkgu,彥愷,2026-W26,published,sell,8046 南電,13,0,0,3aec72557753ac63f2ba09f192a30667,500,股,1115,2026-06-26 04:59:12.04238+00,2026-06-26 04:59:12.04238+00
0b6ad812-7fd5-4b71-a5c8-242479e8a505,master-zhou,老周老周,2026-W31,published,teaching,,0,0,561,1e0b50865dede238f3bca5db983a5f2e,,,,2026-07-28 00:50:52.767143+00,2026-07-28 00:50:52.767143+00
0d1f08f7-d0c6-4247-83d4-e0d57819e532,sharkgu,彥愷,2026-W33,published,buy,3163 波若威,76,27,0,cf1df412f42d733f0a87dbec017f3cc1,300,股,702,2026-08-12 01:15:54.618573+00,2026-08-14 12:00:09.768+00
0d8260a6-c8a5-4a6b-8370-c83302a92576,master-brcto,brcto,2026-W30,published,add,068003 國巨統一75購01,20,0,0,d469e9ad6d6f3d4d82f158aedee652f9,10,張,1.19,2026-07-23 01:07:46.358052+00,2026-07-23 01:07:46.358052+00
0d9fba42-e220-4967-b0bb-7d937ff86fd6,master-zhou,老周老周,2026-W32,published,buy,AMD Advanced Micro Devices Inc,57,23,0,3f3749b9545af57be55c72c289a8cdfb,15,股,484.5,2026-08-07 00:45:41.975807+00,2026-08-08 00:00:04.713+00
0f51305e-3b09-415a-9ded-a2cbd5569584,sharkgu,彥愷,2026-W22,published,sell,3702 大聯大,34,24,0,dbe327a2bd6ba52dbb083000ca859947,1,張,124,2026-05-25 04:56:56.349517+00,2026-05-25 04:56:56.349517+00
10112ff1-8229-4ae8-a8dc-03066d04f2b2,sharkgu,彥愷,2026-W27,published,buy,4939 亞電,18,11,0,b78e2f9b983c38325f56a789c7ad6664,2,張,63.8,2026-07-03 00:32:05.73282+00,2026-07-03 00:32:05.73282+00
1134a97f-63a1-4d44-9a38-fe9c39865c06,benny,Benny,2026-W30,published,buy,AMD,40,0,0,29ecfa063367a61b8bfc64ed6c6af0dc,5,股,582.72,2026-07-21 14:27:35.168293+00,2026-07-21 14:27:35.168293+00
11a4ec55-c3b9-4a2a-8a9d-e5c0c613b038,benny,Benny,2026-W33,published,sell,INTC,61,13,0,35787c0743fdec9369e25fdaf9f36706,20,股,99.48,2026-08-11 00:15:46.772454+00,2026-08-15 00:00:10.315+00
12428039-99b5-4b9f-bf21-e8319c0654e3,sharkgu,彥愷,2026-W30,published,teaching,,0,0,594,4b45e18ed807eb7c42b2cfcd3bd2ceea,,,,2026-07-23 13:26:28.113227+00,2026-07-23 13:26:28.113227+00
151b3e0d-80a6-427c-99fc-d1ba9b8a35bf,master-brcto,brcto,2026-W32,published,sell,707414 前鼎統一74購01,34,13,0,a76e84e0cb58e96c035017bc9b7a7269,50,張,0.76,2026-08-07 00:28:08.705253+00,2026-08-07 12:00:08.193+00
1535bf5f-bc47-4a02-9ed5-caf5a0b4e2b8,sharkgu,彥愷,2026-W23,published,add,4971 IET-KY,39,0,0,c5f8024d6826cacd4a2d0ec89f06db52,100,股,694,2026-06-04 01:05:38.474947+00,2026-06-04 01:05:38.474947+00
16e9eb29-2298-4c7e-8cf4-1c3b4004760f,master-zhou,老周老周,2026-W28,published,teaching,,0,0,45,dfb26f8f9b081826b126ce7330948415,,,,2026-07-07 01:27:54.554556+00,2026-07-07 01:27:54.554556+00
1798a2ab-d01d-4827-bf5f-e0838c2184eb,master-zhou,老周老周,2026-W29,published,trim,META,15,0,0,7bc328f2f570bf945209be72c800dfb6,5,股,675.25,2026-07-17 00:35:41.182258+00,2026-07-17 00:35:41.182258+00
17ecb0cc-f4f3-46ad-ab4e-a919f5e6b75c,sharkgu,彥愷,2026-W32,published,buy,6138 茂達,88,27,0,7d3ab4c0100b1108a8ccf7d97bc4bfe5,1,張,287,2026-08-06 03:12:28.94582+00,2026-08-07 12:00:08.035+00
18db28e3-84d8-4f29-acfc-96956efc1316,benny,Benny,2026-W30,published,add,GLW,87,18,0,f0fc0ea85c3d8af028f581b32e932158,10,股,154.84,2026-07-24 02:00:54.813633+00,2026-07-24 02:00:54.813633+00
1947056f-d40c-4d79-bb6c-74d61182aabb,sharkgu,彥愷,2026-W21,published,buy,6191 精成科,38,11,23,381266aa21a34fc033d7cfd849507be8,2,張,96.5,2026-05-21 01:13:54.665809+00,2026-05-21 01:13:54.665809+00
1a3a1505-ced0-4f52-9d60-2161af6e2991,sharkgu,彥愷,2026-W19,published,buy,3035 智原,25,22,13,8a1269a754ffa5c323ab25c4fa58f99c,1,張,169,2026-05-04 11:57:25.155704+00,2026-05-04 11:57:25.155704+00
1bf624c3-809f-4ba6-b2c0-1db75505ed09,master-zhou,老周老周,2026-W25,published,buy,ZM ZOOM,0,0,0,7d010443693eec253a121e2aa2ba177c,20,股,89,2026-06-18 00:34:31.634529+00,2026-06-18 00:34:31.634529+00
2088b9a1-b3c9-4e65-948b-a7e02bd383fe,master-zhou,老周老周,2026-W32,published,sell,META Meta Platforms Inc,44,0,0,9f09e782ee0bfb9244aa5674350f4554,10,股,593.89,2026-08-04 00:31:07.323167+00,2026-08-08 00:00:05.594+00
21133756-4bc8-4806-b7a3-78a078e3c6e4,benny,Benny,2026-W30,published,add,GOOG,34,11,0,2bed309d5445920fe5c673493630b8d3,9,股,316.76,2026-07-24 02:00:54.813633+00,2026-07-24 02:00:54.813633+00
230afc88-c925-4a75-8c4d-136b6180b7c7,master-brcto,brcto,2026-W32,published,sell,074183 統新台新61購01,34,13,0,4dceae4d1c257ddbcce2f63501fb7d3f,30,張,1.28,2026-08-07 00:28:08.705253+00,2026-08-07 12:00:08.308+00
270a8b3d-2489-46c0-b593-853f405bcb4a,master-brcto,brcto,2026-W27,published,sell,708938 臺慶科統一65購01,0,0,0,7d010443693eec253a121e2aa2ba177c,20000,股,1.31,2026-07-01 03:40:54.701853+00,2026-07-01 03:40:54.701853+00
29e9079a-15ad-4ba4-943a-c4d53b130f4c,benny,Benny,2026-W30,published,buy,INTC,134,21,0,40a49bdbc7133033e85a09077cf8f7ee,20,股,100.2,2026-07-24 02:00:54.813633+00,2026-07-24 02:00:54.813633+00
2a422ead-d492-49b0-b39f-3db973a7ff54,master-zhou,老周老周,2026-W33,published,sell,VRT,31,17,0,af342ae15bf14eab210543b61f28d07d,15,股,273.3,2026-08-11 00:05:01.41185+00,2026-08-15 00:00:10.007+00
2ca447f6-0245-4f80-a295-ae7020e7d245,sharkgu,彥愷,2026-W25,published,buy,6285 啟碁,17,0,0,2b7afd98cfa66ea11d269f64e2252e5e,500,股,273.5,2026-06-15 03:08:36.42189+00,2026-06-15 03:08:36.42189+00
2eb10b14-aedf-4e72-b855-90cb98e58e76,master-zhou,老周老周,2026-W25,published,buy,NVDA 輝達,26,0,0,26728b84843bb43010155c928a200a68,20,股,206.3,2026-06-18 00:34:31.634529+00,2026-06-18 00:34:31.634529+00
30f52f9f-c197-40f5-9b92-494253aa7ea6,sharkgu,彥愷,2026-W22,published,sell,8131 福懋科,20,27,40,d6a2df17e0d3bbd39e0f6f9121a63950,2,張,69,2026-05-27 01:29:49.061842+00,2026-05-27 01:29:49.061842+00
31f21ca0-08d1-4e66-9e99-13e57463d06d,sharkgu,彥愷,2026-W32,published,add,6515 穎崴,54,15,0,724c9f10aa7b17f8c08efd0529cb0448,20,股,6400,2026-08-06 03:12:28.94582+00,2026-08-07 12:00:07.505+00
349170b4-4294-4827-9fec-5531ed429770,master-brcto,brcto,2026-W25,published,buy,709803 宏捷科台新5C購01,17,0,0,e9cbe8d86142a639642b6a94cada6a23,20,張,1.68,2026-06-17 01:17:03.61007+00,2026-06-17 01:17:03.61007+00
3636495f-4340-4d4d-b58e-e349b7a0c92b,sharkgu,彥愷,2026-W20,published,buy,3702 大聯大,45,7,0,132d2e8d4bb80f611252a34474cf8773,1,張,114,2026-05-13 01:31:30.463512+00,2026-05-13 01:31:30.463512+00
376b35f6-7cce-4eb0-9a56-0585e149aad9,master-zhou,老周老周,2026-W28,published,sell,AMZN 亞馬遜,62,21,61,9011ffbda47a1bc4b271e1008dcbc316,20,股,242,2026-07-10 03:56:20.796771+00,2026-07-10 03:56:20.796771+00
380bb01a-9321-4b5d-afe4-ff872cd386df,sharkgu,彥愷,2026-W33,published,buy,2478 大毅,43,11,0,b59057937cd97e6a196f0c39b03bff78,1,張,130,2026-08-14 02:44:45.193948+00,2026-08-14 12:00:14.817+00
384d851f-aa08-476e-9555-3bc80697cc12,master-zhou,老周老周,2026-W29,published,teaching,,0,0,221,03c3e1f413b248a7f18a29c5e56b6abb,,,,2026-07-14 00:51:18.761421+00,2026-07-14 00:51:18.761421+00
40226333-4b8c-47f0-a7c8-cafceae66435,sharkgu,彥愷,2026-W22,published,sell,4966 譜瑞,27,15,0,0498c678a76b32e6dc387e5c9b723fe9,200,股,910,2026-05-28 01:25:09.568402+00,2026-05-28 01:25:09.568402+00
406cf305-6022-4d82-8ee4-6a8d6d993d80,master-brcto,brcto,2026-W28,published,exit,062787 貿聯群益5A購02,66,0,0,2b39318a87f2829713ebb5fe8013b35b,50029,股,0.64,2026-07-09 01:34:52.060656+00,2026-07-09 01:34:52.060656+00
423c1223-058f-45f5-84f5-179abd58d195,benny,Benny,2026-W31,published,sell,GOOG,26,24,0,4c50f06806a6d09ff3fa86214939b692,32,股,337.25,2026-07-30 00:41:45.638015+00,2026-07-30 00:41:45.638015+00
42dde64b-6d4b-4d4c-919c-05c58d032baf,master-zhou,老周老周,2026-W26,published,buy,CRM 賽富時,18,14,0,c73ba8e9975b9996b346710a14b3567f,30,股,152.6,2026-06-24 00:32:38.416647+00,2026-06-24 00:32:38.416647+00
43ad9c58-5fc0-4fe2-b915-3a4c8e821be0,master-zhou,老周老周,2026-W31,published,buy,META Meta Platforms Inc,70,20,0,93a6d0923277f58316b4fec0c24ca26d,10,股,530.3,2026-07-31 00:13:08.445788+00,2026-08-01 04:21:48.791+00
4425d8df-0181-41d6-b911-4716eb54ca62,master-zhou,老周老周,2026-W29,published,buy,TSM,38,0,0,85c3442d4f0e4531153d8e1e9a43eaa7,10,股,408,2026-07-17 00:39:38.69979+00,2026-07-17 00:39:38.69979+00
4630f1e9-5da9-4cd9-a024-8aa063d8b829,sharkgu,彥愷,2026-W28,published,buy,4755 三福化,151,0,0,a1210f91f7708b732c04fe084820a1cb,1,張,141,2026-07-07 01:14:50.949542+00,2026-07-07 01:14:50.949542+00
47aba5f5-d0a3-4a9e-b03f-2413d5375638,sharkgu,彥愷,2026-W19,published,buy,3006 晶豪科,17,4,25,7933ebc36d009d3724c2abe67ab45ae0,1,張,174,2026-05-04 12:02:01.910035+00,2026-05-04 12:02:01.910035+00
4a678627-0bf3-4e1b-8871-2170e23303d3,sharkgu,彥愷,2026-W24,published,exit,4971 IET-KY,17,12,22,46d7eee6aabe607ed9f0a63032fca322,500,股,525,2026-06-11 02:01:03.163232+00,2026-06-11 02:01:03.163232+00
542a050c-16e4-4ba0-88bc-f91571b93b93,master-brcto,brcto,2026-W25,published,buy,069559 力成元大62購01,17,0,0,0517f81855eac888949290c4b40bcabb,20,張,1.04,2026-06-18 01:26:15.025094+00,2026-06-18 01:26:15.025094+00
54dcfd7c-3224-42fd-814b-beca958f90e3,sharkgu,彥愷,2026-W22,published,add,1815 富喬,22,11,105,39ef9a5d8983e4d5d111e580f0aa77f8,1,張,107,2026-05-29 01:20:53.213802+00,2026-05-29 01:20:53.213802+00
555b64a0-d28f-41af-bd71-b28887388c61,sharkgu,彥愷,2026-W30,published,sell,00631L 元大台灣50正2,43,0,0,9152394713b9e05b51292e49edbda336,2,張,34.9,2026-07-22 05:13:46.295193+00,2026-07-22 05:13:46.295193+00
55b1c1f3-832e-429b-935a-fce35af075d2,sharkgu,彥愷,2026-W31,published,buy,3363 上詮,53,11,0,fab90b0761e72a446844137bc8986525,300,股,581,2026-07-27 01:44:13.737054+00,2026-07-27 01:44:13.737054+00
564f3ba6-12ca-4afc-8d72-6aef9b131531,master-zhou,老周老周,2026-W30,published,sell,META,21,0,0,04232ad9444370a7af673c6c77b4023b,5,股,649,2026-07-22 00:49:25.975351+00,2026-07-22 00:49:25.975351+00
5889bf05-16b4-4d6d-a61d-67eda077a4c5,master-brcto,brcto,2026-W28,published,buy,071745 T50正2台新66購01,27,0,0,a798f15e101d6e6847ad87a0de72afe8,30,張,2.11,2026-07-09 01:38:24.599421+00,2026-07-09 01:38:24.599421+00
59e49909-dd34-4825-80e5-c0dadd931823,master-brcto,brcto,2026-W27,published,add,062787 貿聯群益5A購02,21,0,0,4a575be560980f4de9be7dba3d0c8096,30,張,0.99,2026-07-01 03:40:54.701853+00,2026-07-01 03:40:54.701853+00
5e3c4dfa-f5af-494d-8f38-edd01e7cdebe,sharkgu,彥愷,2026-W29,published,sell,2359 所羅門,24,0,0,332d9ec5fd5a09ea4e9e4a5457f89eda,1000,股,139,2026-07-14 01:59:40.009276+00,2026-07-14 01:59:40.009276+00
60adc133-570e-4ced-8386-db553197eb1d,sharkgu,彥愷,2026-W22,published,buy,6202 盛群,19,25,0,0269e0f244be7b7b976fcae9f36df894,2,張,60.7,2026-05-27 01:46:52.008934+00,2026-05-27 01:46:52.008934+00
60b3255f-a2d4-4077-9645-f5c7b3b00282,sharkgu,彥愷,2026-W24,published,exit,1514 亞力,13,0,0,ca8a17ea9e3cf78d47cd2ad84a69218c,1,張,126,2026-06-09 04:43:15.250244+00,2026-06-09 04:43:15.250244+00
613eb098-72e4-4141-bd39-34eaff39a51e,sharkgu,彥愷,2026-W28,published,teaching,,0,0,460,76bcb5c940a1854ff6f6255cc9619d6d,,,,2026-07-09 02:22:43.853466+00,2026-07-09 02:22:43.853466+00
63d4cf7c-0c78-4939-b9ec-fe13d478a333,master-zhou,老周老周,2026-W26,published,buy,AMZN 亞馬遜,31,0,0,5665b39188954a55eabc6bc3a8c77106,20,股,234.74,2026-06-24 00:32:38.416647+00,2026-06-24 00:32:38.416647+00
65e5012d-d3ca-4977-9b94-24e18a93c701,sharkgu,彥愷,2026-W24,published,sell,3152 璟德,20,0,0,48933eacacc4ddc871319dd131855b62,1,張,221,2026-06-12 01:51:25.136188+00,2026-06-12 01:51:25.136188+00
66ae8f1a-34f2-4ee8-aaa2-08260c529d86,sharkgu,彥愷,2026-W26,published,buy,6907 雅特力-KY,15,11,0,624e823f4bd9f65ef63a801f574be1e1,1,張,149,2026-06-26 01:27:36.369594+00,2026-06-26 01:27:36.369594+00
672a9f44-3e9e-4f76-99a9-50b19a7bcf5a,master-brcto,brcto,2026-W25,published,buy,708938 臺慶科統一65購01,28,0,0,e0f4ccce5cd9e37b70cc2c9918991637,20,張,1.22,2026-06-17 01:17:03.61007+00,2026-06-17 01:17:03.61007+00
6a794308-bfc7-4f47-83a3-5342a080e162,master-zhou,老周老周,2026-W28,published,sell,GOOGL,98,20,0,fe61180e22b92854ddc68d5f7f87843e,20,股,365.2,2026-07-08 13:32:36.207298+00,2026-07-08 13:32:36.207298+00
6e631b58-9f84-4869-a9a1-91f0c48570f0,sharkgu,彥愷,2026-W33,published,sell,4576 大銀微系統,61,0,0,707d7620b2c3e9d1b25c80d771964d96,1,張,219,2026-08-12 01:12:31.285401+00,2026-08-14 12:00:10.339+00
6e6fdd1c-5d95-4940-b35f-025016cb3709,benny,Benny,2026-W32,published,buy,SPCX Space Exploration Technologies Corp,31,0,0,1ed892ad9c4150cbea980158f2e230d0,50,股,109.9,2026-08-04 01:07:37.582362+00,2026-08-08 00:00:04.092+00
6eda36ea-c56a-4a2e-84a2-3c83c54264a3,master-zhou,老周老周,2026-W25,published,buy,QCOM 高通,45,13,0,7aef59fea6775c13bbea69edb6a54e89,10,股,215.8,2026-06-18 00:34:31.634529+00,2026-06-18 00:34:31.634529+00
73ea999e-cedc-435e-8eea-0c9da94c1705,sharkgu,彥愷,2026-W29,published,buy,4576 大銀微系統,149,0,0,e087697f566f13b0bb6f0eafd87be962,1,張,204,2026-07-17 01:05:21.769151+00,2026-07-17 01:05:21.769151+00
75f10cba-fb44-487b-b3f9-8324af770c9d,master-brcto,brcto,2026-W30,published,buy,068003 國巨統一75購01,24,0,0,d0318009a31f2fded00732c811854d2b,10,張,1,2026-07-20 05:11:13.756377+00,2026-07-20 05:11:13.756377+00
76974939-6e59-41d8-8bcb-cd4354a90269,sharkgu,彥愷,2026-W26,published,sell,2303 聯電,11,16,0,d41a7e5ebf187651b314eadc54e7e13a,1000,股,175,2026-06-23 01:15:31.915992+00,2026-06-23 01:15:31.915992+00
78079400-9cdd-47a0-9398-65515a13f2b2,sharkgu,彥愷,2026-W23,published,add,4971 IET-KY,18,24,0,22c4b5559a6a5e11c557d4db9e00f868,100,股,700,2026-06-05 02:19:49.944262+00,2026-06-05 02:19:49.944262+00
780e5429-6310-406b-9e3a-18078d409351,sharkgu,彥愷,2026-W32,published,sell,6285 啟碁,27,33,0,17b1aefd468397344ee9ae6864952516,1000,股,250,2026-08-04 02:08:54.322813+00,2026-08-07 12:00:08.228+00
785022d5-1fa7-4d03-ad62-889922492795,sharkgu,彥愷,2026-W32,published,trim,3363 上詮,40,14,0,afc66dd6f6d660f74f9482bd881c0fa8,200,股,528,2026-08-03 01:35:18.747283+00,2026-08-07 12:00:08.344+00
79d01293-c76d-4dff-865a-a27aa06a8fb7,master-brcto,brcto,2026-W32,published,sell,071111 華邦電永豐5C購03,34,13,0,a76e84e0cb58e96c035017bc9b7a7269,70,張,1.19,2026-08-07 00:28:08.705253+00,2026-08-07 12:00:08.16+00
7b2733f9-21d3-4cd9-b778-71d0dd5711f2,sharkgu,彥愷,2026-W22,published,buy,1815 富喬,29,11,0,ec9dd8c583c09efd1114170c2e4fdd01,1,張,106,2026-05-27 01:46:52.008934+00,2026-05-27 01:46:52.008934+00
7b7e91b0-489a-428c-8976-81f56f3adf35,sharkgu,彥愷,2026-W20,published,sell,3006 晶豪科,18,11,0,88d5120a92a5ce2721037c8740f44cb0,1,張,238,2026-05-14 05:32:19.003855+00,2026-05-14 05:32:19.003855+00
7c3e6ce4-019e-4d66-8239-61a59746552d,master-zhou,老周老周,2026-W32,published,buy,PLTR,42,0,0,eb7aefc387b687ac38f202dd7ab6c030,30,股,124.82,2026-08-04 00:38:48.790686+00,2026-08-08 00:00:05.697+00
7cdbb1dd-3cfd-4bfe-87d5-11426d16b379,master-brcto,brcto,2026-W32,published,buy,074183 統新台新61購01,58,0,0,1ebe4f40be5904bc566ffeb0bc8a39cc,30,張,0.81,2026-08-03 03:23:32.730648+00,2026-08-07 12:00:08.443+00
7d4509eb-8172-4a44-9417-f4fc2c008837,master-zhou,老周老周,2026-W33,published,buy,SOXL,45,16,0,c33e2de36ab7d3bd2e5f481530918b7d,1,股,149.73,2026-08-14 00:35:00.927982+00,2026-08-15 00:00:11.03+00
7daab928-a472-41b7-90d2-ec4356e62d0a,sharkgu,彥愷,2026-W27,published,add,6285 啟碁,35,0,0,20ee64b095c9d0d1ab6ae1a3448b633a,500,股,260,2026-07-03 00:41:56.262336+00,2026-07-03 00:41:56.262336+00
7ddd0796-352c-4bca-8a31-bb834751ef9e,sharkgu,彥愷,2026-W23,published,buy,4971 IET-KY,44,11,0,bce760d8b2fd25420b0da351843c7cc7,300,股,758,2026-06-03 03:46:18.464072+00,2026-06-03 03:46:18.464072+00
7ef16c47-3eb4-4e13-8d44-1f9f2a1b65d8,sharkgu,彥愷,2026-W28,published,exit,4939 亞電,11,18,0,c0f19d90989cae7f0ed9332eedf6eb27,2000,股,57.2,2026-07-07 04:56:31.903566+00,2026-07-07 04:56:31.903566+00
80d98b06-2a47-4b86-a475-7ab179d80429,benny,Benny,2026-W32,published,add,AMD,17,0,0,eed6f4ec87ca8364053999900872cb7b,5,股,490.3,2026-08-07 00:56:34.625856+00,2026-08-08 00:00:05.336+00
813472ed-06aa-411f-b546-08ff49deeade,master-zhou,老周老周,2026-W28,published,add,NVDA 輝達,12,13,0,22656e3e885d03cff929e6ab9d29af26,30,股,197.5,2026-07-08 13:34:00.120529+00,2026-07-08 13:34:00.120529+00
81f8cd02-1e7f-45d1-b04d-841778a98c68,sharkgu,彥愷,2026-W23,published,buy,2303 聯電,51,11,30,ea90d9146d5f4285a986fb9b2fd06e22,1,張,126.5,2026-06-04 01:05:38.474947+00,2026-06-04 01:05:38.474947+00
8339beee-8ef9-47f2-b022-ba43ae9e60d6,master-zhou,老周老周,2026-W33,published,add,ORCL,54,0,0,19c82f9f839e07f3468f8ca530d5fbcf,5,股,154.4,2026-08-14 00:35:00.927982+00,2026-08-15 00:00:10.913+00
873a1b49-62ee-4573-bd00-17efc8471d38,sharkgu,彥愷,2026-W23,published,sell,3028 增你強,26,15,0,6fb860b093cf2c2ba5eafa640e389447,2,張,84,2026-06-03 01:11:41.847846+00,2026-06-03 01:11:41.847846+00
87cb221c-0b33-4dea-b0e9-0124b6835f17,master-brcto,brcto,2026-W31,published,teaching,,0,0,350,6660cf102c58cdc06299007af8362e7e,,,,2026-07-29 01:57:23.398606+00,2026-07-29 01:57:23.398606+00
8ab3f9c6-250e-411c-b0c5-c523d0f294fd,sharkgu,彥愷,2026-W30,published,add,6285 啟碁,0,0,0,7d010443693eec253a121e2aa2ba177c,500,股,239,2026-07-21 06:05:54.37458+00,2026-07-21 06:05:54.37458+00
8b55c51b-6a59-45d3-afed-c871bf963bf0,master-brcto,brcto,2026-W30,published,buy,071111 華邦電永豐5C購03,19,0,0,3ce94245baba6fd39e45b90657a5cacb,10,張,0.99,2026-07-20 05:11:13.756377+00,2026-07-20 05:11:13.756377+00
8cf3c2ed-7fca-4600-a51f-783e72ba97ba,sharkgu,彥愷,2026-W20,published,sell,3035 智原,36,26,31,54c294b02495e0a19bc9329879dc6902,1,張,207.5,2026-05-13 01:31:30.463512+00,2026-05-13 01:31:30.463512+00
9185b823-1bbc-4fb6-9bee-97d157217974,sharkgu,彥愷,2026-W22,published,buy,3152 璟德,55,0,0,49aef62091b65681cbed00851802c9cc,1,張,199,2026-05-29 01:20:53.213802+00,2026-05-29 01:20:53.213802+00
958ff327-7d65-4e1b-af32-a9738276b225,master-brcto,brcto,2026-W31,published,buy,707414 前鼎統一74購01,17,0,0,3a716208bb4e854f64774e1c1e705695,50,張,0.49,2026-07-30 03:53:02.602277+00,2026-08-01 04:21:49.165+00
964cf48c-d864-4fa5-a8a4-e986c2d081ad,master-brcto,brcto,2026-W28,published,add,707414 前鼎統一74購01,34,0,0,aa2fac4357bf7f96e8bf2175e25b732b,20,張,0.83,2026-07-07 01:38:34.466344+00,2026-07-07 01:38:34.466344+00
97922c31-6ad1-423c-aabf-eba20597bbb0,benny,Benny,2026-W32,published,buy,WDC,153,29,0,9c199c6a36e04ddde8b3913572006dee,10,股,460.1,2026-08-07 00:56:34.625856+00,2026-08-08 00:00:05.999+00
9797b5ee-d243-4938-ba4d-7ae1092306f7,sharkgu,彥愷,2026-W22,published,buy,3028 增你強,43,11,0,42e1ad2f6d493892952e89eceffeb920,2,張,81,2026-05-25 04:56:56.349517+00,2026-05-25 04:56:56.349517+00
99f0b087-c1e1-47ee-b4de-aed034b343c3,sharkgu,彥愷,2026-W30,published,exit,4755 三福化,17,29,0,13d04f32e9b5caac8179c7a7e73585ce,1,張,120,2026-07-24 01:27:46.805215+00,2026-07-24 01:27:46.805215+00
9a66d27f-b59c-4e8c-a347-507d3caed3a4,sharkgu,彥愷,2026-W30,published,buy,6515 穎崴,96,11,0,1cd57a05a76c5d84320275b3b01b2c76,20,股,6549,2026-07-24 01:27:46.805215+00,2026-07-24 01:27:46.805215+00
9b0e8e97-45e5-48bc-8052-d259b5c72f25,sharkgu,彥愷,2026-W29,published,add,00631L 元大台灣50正2,21,0,0,2950621cffab9020421465c271397a67,1995,股,33.88,2026-07-17 01:05:21.769151+00,2026-07-17 01:05:21.769151+00
9ba71388-7743-4720-a469-a68c890fc77c,sharkgu,彥愷,2026-W26,published,exit,3081 聯亞,16,0,0,16d724c91ee727ea8ebdbb71c00a9de3,150,股,2185,2026-06-25 04:08:04.524983+00,2026-06-25 04:08:04.524983+00
9bf09b35-7eb2-4689-9b9a-caa2bdce8430,sharkgu,彥愷,2026-W31,published,add,3363 上詮,17,25,0,bb29d17c3f1e7874a5da2d93a8c94606,200,股,502,2026-07-29 01:24:44.438107+00,2026-07-29 01:24:44.438107+00
9d0de8ef-e284-48c5-9a50-c95618a5ea99,benny,Benny,2026-W30,published,buy,GLW,9,9,0,73a8d2fc0555f3ed6805e7e0cfa978ef,10,股,157.71,2026-07-21 14:27:35.168293+00,2026-07-21 14:27:35.168293+00
9f04dab8-ea46-4d85-a3d3-76022bf5ff47,sharkgu,彥愷,2026-W29,published,add,4576 大銀微系統,11,0,0,aa0455c87beeb5b3b354f65168d7acce,999,股,198,2026-07-17 02:16:37.97626+00,2026-07-17 02:16:37.97626+00
a02cc349-b128-49bd-b561-d6dda3b6fbb6,sharkgu,彥愷,2026-W29,published,sell,3167 大量,21,0,0,6b8d6ee4267e0967ca0a50033227e4f9,200,股,822,2026-07-14 01:59:40.009276+00,2026-07-14 01:59:40.009276+00
a4b6c51c-d7ee-40d7-9ca2-e46e7828657b,benny,Benny,2026-W31,published,add,AMD,71,29,0,c1461703410c27b7c952f86a7bea76b8,5,股,479.4,2026-07-28 00:59:23.526167+00,2026-07-28 00:59:23.526167+00
a73cc798-8028-484c-bf05-0731ba20bf4e,sharkgu,彥愷,2026-W27,published,buy,2359 所羅門,35,11,0,2c7115ae8d1078da994d1c43b22fbe1e,1,張,130,2026-07-03 00:32:05.73282+00,2026-07-03 00:32:05.73282+00
a764f70b-33ab-4e2a-8312-7cee4ac326cd,sharkgu,彥愷,2026-W30,published,trim,6285 啟碁,77,21,0,8582bf266fd880eeb22796a985a8dcb6,1000,股,259,2026-07-23 02:24:54.517844+00,2026-07-23 02:24:54.517844+00
a88516cc-ca62-4b6d-b9b0-11c3b064bc7f,sharkgu,彥愷,2026-W24,published,buy,3081 聯亞,24,11,0,a856274b77c22f540319830fc3b73ca2,150,股,2199,2026-06-12 01:53:06.222046+00,2026-06-12 01:53:06.222046+00
a961a4dc-29f2-4e99-bad9-a1c673c714f1,sharkgu,彥愷,2026-W22,published,sell,5269 祥碩,30,0,0,06449ba3072396ec8535fa18381be4c1,100,股,1525,2026-05-27 01:29:49.061842+00,2026-05-27 01:29:49.061842+00
ab7e6395-b4e1-4483-89d0-a6756c6e8a86,master-brcto,brcto,2026-W26,published,buy,068736 神達元大5B購03,15,0,0,64c37859889f73a568798e0702c9a0cb,20,張,1.43,2026-06-22 01:07:08.317844+00,2026-06-22 01:07:08.317844+00
ac9c77ef-4d31-420c-a43b-501975ff04e0,master-brcto,brcto,2026-W27,published,buy,071939 瑞昱統一6A購01,0,0,0,7d010443693eec253a121e2aa2ba177c,30,張,1.29,2026-07-01 03:42:28.887439+00,2026-07-01 03:42:28.887439+00
accd5c3a-a213-482f-87e0-207a19a65c2e,sharkgu,彥愷,2026-W23,published,exit,6202 盛群,21,12,0,9ba3ae0158fe646993d2594ae3dcbef1,2,張,55.3,2026-06-05 02:17:46.466164+00,2026-06-05 02:17:46.466164+00
ad9d7aca-c0d6-411d-8088-1d2b5481bd44,sharkgu,彥愷,2026-W32,published,sell,2356 英業達,82,13,0,a86f8143285bc4126ccdc9faa9eddeaa,1,張,66.7,2026-08-05 01:26:08.102641+00,2026-08-07 12:00:08.536+00
af31bf5a-5acd-45f7-b4fb-c67a42845889,sharkgu,彥愷,2026-W24,published,exit,1815 富喬,85,18,0,0bea9898006250772c75157fd1229227,2,張,98.3,2026-06-09 01:03:08.423935+00,2026-06-09 01:03:08.423935+00
b4a5a861-5f3c-4983-a6fb-f899abc07823,sharkgu,彥愷,2026-W23,published,sell,6191 精成科,39,0,0,cbee91ba38d6a4b153680c9ea8631898,2,張,97.3,2026-06-03 01:11:41.847846+00,2026-06-03 01:11:41.847846+00
b5626fd3-789a-4553-b935-a93d9ed64242,master-brcto,brcto,2026-W25,published,buy,063693 辛耘國泰61購02,26,0,0,da998b045a0c689c20896c4913703178,20,張,1.98,2026-06-18 01:26:15.025094+00,2026-06-18 01:26:15.025094+00
b6e97c23-8e7e-446d-87f1-2700a5a244f2,master-brcto,brcto,2026-W27,published,add,062787 貿聯群益5A購02,44,0,0,48eb22a9c5bbcc353348bd82577ebbfb,29,股,0.74,2026-06-30 01:14:50.834299+00,2026-06-30 01:14:50.834299+00
b78a83f6-70e5-4fcf-85db-05701702dae1,sharkgu,彥愷,2026-W32,published,sell,3363 上詮,37,13,0,e124dcf7d105519f2188067a92d3c334,500,股,602,2026-08-05 01:26:08.102641+00,2026-08-07 12:00:08.476+00
b9b1bfaa-c432-4fc1-8f30-923bf5d67166,master-brcto,brcto,2026-W33,published,add,068003 國巨統一75購01,85,18,0,0a5e95713891bd3e9473b8af60758223,30,張,0.88,2026-08-10 01:40:33.088323+00,2026-08-14 12:00:09.932+00
ba4c61db-6dab-4858-9945-d1251fe5f55c,sharkgu,彥愷,2026-W27,published,buy,3167 大量,116,32,0,75ea1dafe094a3c59b37b03dbd3610c5,200,股,820,2026-07-03 00:48:04.631971+00,2026-07-03 00:48:04.631971+00
bac16c45-a402-4c17-9869-859c83f29d3d,benny,Benny,2026-W33,published,sell,GLW,42,19,0,1b87c8cbb851a541d564fb214b55c18c,30,股,163.49,2026-08-11 00:15:46.772454+00,2026-08-15 00:00:10.668+00
bae578d2-97a2-4042-9ba0-406c79b88bda,sharkgu,彥愷,2026-W21,published,add,8131 福懋科,16,11,44,b68537818674dca617fc1bf7ad0eaf88,1,張,64,2026-05-22 04:06:05.351111+00,2026-05-22 04:06:05.351111+00
bb9817b1-3b89-4173-953a-b4acd237695e,sharkgu,彥愷,2026-W23,published,buy,1514 亞力,22,38,16,3bcc5dbb03165520e264a4aa807128ec,1,張,127,2026-06-01 01:37:50.024572+00,2026-06-01 01:37:50.024572+00
c119f260-80a7-4a23-b68a-a8f3e5c2f385,sharkgu,彥愷,2026-W24,published,buy,2356 英業達,23,0,0,5dba7d8a7fd6b7fa7344e769e6f43e5c,1,張,70.3,2026-06-09 04:43:15.250244+00,2026-06-09 04:43:15.250244+00
c1a10001-0000-4000-8000-000000000001,master-lever,阿基米德投資學,2026-W31,published,buy,SNDK 950/925P + 1600/1625C,43,182,58,07ba44fe23bcfe041828bb592ac6818d,1,組,13.25,2026-07-28 15:14:58.530928+00,2026-08-01 04:04:06.62+00
c1a10001-0000-4000-8000-000000000002,master-lever,阿基米德投資學,2026-W31,published,buy,RKLB 57.5/47.5P + 77.5/87.5C,33,145,37,bc0a01fc2e4630abc11fbe80e3075fbb,1,組,6.40,2026-07-28 15:14:58.530928+00,2026-08-01 04:04:06.62+00
c1a10001-0000-4000-8000-000000000003,master-lever,阿基米德投資學,2026-W31,published,buy,LUNR 11/8P + 16/19C,36,110,36,6013c73952d2002a095ab3b168f992ef,2,組,2.05,2026-07-28 15:14:58.530928+00,2026-08-01 04:04:06.62+00
c23b96be-ebad-42de-8993-4f97c1355e8d,master-brcto,brcto,2026-W27,published,sell,063693 辛耘國泰61購02,19,0,27,b8d53a94e75405c8c400c78ed0a18854,20000,股,2.29,2026-06-30 01:14:50.834299+00,2026-06-30 01:14:50.834299+00
c342bd22-1c4a-479b-96f7-8c4fe2ce8b0e,master-brcto,brcto,2026-W33,published,buy,079052 樺漢元大64購03,117,23,0,467c0bf9d6a4e770f409754cbdf285fb,50,張,1.67,2026-08-10 01:40:33.088323+00,2026-08-14 12:00:10.183+00
c36911f3-3144-4487-b8e8-084129787b67,master-brcto,brcto,2026-W29,published,buy,064781 勤誠兆豐5C購01,50,0,0,816b2df67d281aab4bb05e2f6f7599f9,30,張,1.16,2026-07-15 05:27:10.490107+00,2026-07-15 05:27:10.490107+00
c50b2969-c55d-45f6-891f-23c625b2fbde,sharkgu,彥愷,2026-W33,published,buy,8028 昇陽半導體,79,0,0,286a74d8e5f7113274dcb5f231b4eee8,500,股,266,2026-08-14 02:44:45.193948+00,2026-08-14 12:00:14.852+00
c696b643-f78a-4591-8807-f3d2de5eac2f,sharkgu,彥愷,2026-W22,published,sell,8299 群聯,16,0,0,a6cd0320a36f6ad01d886aff6420bc04,100,股,2580,2026-05-27 01:29:49.061842+00,2026-05-27 01:29:49.061842+00
c707a445-1eb4-4907-95bf-5b903a78e643,sharkgu,彥愷,2026-W25,published,sell,2367 燿華,41,17,0,983f049b02da4e3b58fc0797267236ce,2,張,62.8,2026-06-15 03:06:30.196548+00,2026-06-15 03:06:30.196548+00
c750cffb-afff-408a-b2a2-d0907f692d00,master-brcto,brcto,2026-W33,published,buy,078397 同欣電富邦64購02,136,24,0,75445fa2fdd46b26c2fea81a2b31f39d,50,張,1.01,2026-08-12 01:26:45.24025+00,2026-08-14 12:00:10.682+00
c9394f36-0484-4e0f-93e2-f96b195b2b9c,master-zhou,老周老周,2026-W32,published,sell,PLTR,28,0,0,ee7677dddc52c3f1670473163c7631a5,30,股,156.43,2026-08-07 00:34:10.18932+00,2026-08-08 00:00:04.208+00
ca7bbf08-1e37-4030-95c5-56c6eba727bf,benny,Benny,2026-W31,published,add,GOOG,29,0,0,6e44ebdf821a4ed264f5fc3faf6bfd9b,2,股,325.09,2026-07-28 00:59:23.526167+00,2026-07-28 00:59:23.526167+00
ccdff901-72ee-484b-9ea1-198092edc33c,master-brcto,brcto,2026-W28,published,exit,709803 宏捷科台新5C購01,81,0,0,b8a6aa078890dca60b8b1dfa02d9d524,20000,股,1.07,2026-07-09 01:34:52.060656+00,2026-07-09 01:34:52.060656+00
cee9ee05-de8f-4a4b-90d7-9e12b9a0f9e6,master-brcto,brcto,2026-W32,published,exit,069559 力成元大62購01,34,0,0,d4b1d806278dc10c23ccb99deba11ca9,80,張,0.35,2026-08-03 03:19:27.554743+00,2026-08-07 12:00:08.406+00
d0ee5533-500b-441f-b5c6-4087a6181cbd,master-zhou,老周老周,2026-W27,published,add,QCOM 高通,0,0,0,7d010443693eec253a121e2aa2ba177c,20,股,189.39,2026-06-30 00:50:39.891678+00,2026-06-30 00:50:39.891678+00
d3eafef1-d4b9-4930-b1f0-db52dae93e04,master-zhou,老周老周,2026-W29,published,sell,ZM ZOOM,39,0,0,0a33db7e5f813f3517643ae9adc69f92,20,股,92.43,2026-07-14 00:35:36.786556+00,2026-07-14 00:35:36.786556+00
d4a0d9b5-a304-44d0-a7c3-b05104ef6830,sharkgu,彥愷,2026-W33,published,trim,6515 穎崴,32,11,0,d90d5e12c508e9118369d52b1591e1fa,50,股,6885,2026-08-14 02:38:59.710306+00,2026-08-14 12:00:07.996+00
d4f1036e-6c7f-4542-a1cf-386bf55244c7,sharkgu,彥愷,2026-W21,published,buy,4966 譜瑞,19,11,0,f3ef0486fc27a9e79675c833876c9989,200,股,769,2026-05-19 01:34:22.6519+00,2026-05-19 01:34:22.6519+00
d577560c-26ce-4a51-8f12-2b56512a1cf3,sharkgu,彥愷,2026-W19,published,buy,8299 群聯,34,25,64,5c22c96f9bbd6bdd0ba08886bc709b0f,100,股,2400,2026-05-07 03:30:17.898188+00,2026-05-07 03:30:17.898188+00
d5b50afe-0533-40d3-9643-5ebb2ce3affc,sharkgu,彥愷,2026-W19,published,buy,8131 福懋科,56,19,0,a00ab31e651e75c8e8b02c421cd88bf0,1,張,65.9,2026-05-08 04:57:30.539132+00,2026-05-08 04:57:30.539132+00
d80cf6ac-1594-47d5-9eef-e60bd35a881e,sharkgu,彥愷,2026-W28,published,buy,3693 營邦,45,30,0,3807b86f041e258e5a21480dc316b586,499,股,550,2026-07-08 01:06:35.939848+00,2026-07-08 01:06:35.939848+00
d9cc216c-f519-4a7f-9303-d7644cad35c2,sharkgu,彥愷,2026-W19,published,sell,6526 達發,35,18,66,c8b1887d5e9e842dac7c973a15a881de,500,股,752,2026-05-08 04:57:30.539132+00,2026-05-08 04:57:30.539132+00
dba15625-8206-48d6-820c-f5a79cd6cdc3,sharkgu,彥愷,2026-W33,published,teaching,,0,0,424,00d5cf2afc31476dc9ad5ecf83b8502f,,,,2026-08-13 10:23:26.166448+00,2026-08-14 12:00:14.666+00
dc675bfb-2aa1-45e5-b4ab-6de44640e47c,master-zhou,老周老周,2026-W30,published,add,SPCX,27,0,0,af15e0c755d4c0549a27d3576abb7fa2,20,股,116.3,2026-07-23 00:57:55.545661+00,2026-07-23 00:57:55.545661+00
dc982bd1-45d5-4a94-93b4-b4d8445731fc,master-zhou,老周老周,2026-W26,published,buy,GOOGL,16,0,0,5f9eaea5cf8e2110b5f989573a94722d,20,股,343.04,2026-06-23 00:27:05.469404+00,2026-06-23 00:27:05.469404+00
dd165f83-3842-4860-9a52-834a85b42a7d,sharkgu,彥愷,2026-W32,published,add,6515 穎崴,65,14,0,6af20bfb9d75ffff69984bf111200625,20,股,6180,2026-08-03 01:35:18.747283+00,2026-08-07 12:00:08.374+00
dd23e285-f678-4613-99d3-04ac9157c54d,master-brcto,brcto,2026-W31,published,add,071111 華邦電永豐5C購03,35,0,0,7d123c6d502fb0cdab8245ab31e73a23,20,張,0.63,2026-07-30 03:53:02.602277+00,2026-07-30 03:53:02.602277+00
dd2e47b0-9b95-45a6-aaf9-d1b4279c52ff,master-zhou,老周老周,2026-W33,published,sell,TSM,111,0,0,4ac4813f06d90d2dab4922da00a05bd2,10,股,431.4,2026-08-13 02:43:26.522782+00,2026-08-15 00:00:09.875+00
ddf65e14-b7c3-45bd-8156-1bb60aac0903,master-brcto,brcto,2026-W25,published,buy,062787 貿聯群益5A購02,28,0,0,64f1c2deae2b6d5e628a11c8584855bd,20,張,1.32,2026-06-18 01:26:15.025094+00,2026-06-18 01:26:15.025094+00
dfb96283-bab0-4568-a7be-0610187811c9,sharkgu,彥愷,2026-W22,published,buy,2367 燿華,38,11,0,d01f91022397aa7ffa5ac37b580394f7,2,張,67.8,2026-05-28 01:25:09.568402+00,2026-05-28 01:25:09.568402+00
e354efdc-5d99-4664-82ca-972a03307091,master-zhou,老周老周,2026-W31,published,buy,INTC,13,0,0,f1dc893dd5f136346c4f7075ff6d6365,40,股,104.39,2026-07-22 00:55:39.494582+00,2026-08-01 04:21:48.756+00
e45b1fdf-b62b-43c7-865b-439f68bc8a64,master-zhou,老周老周,2026-W25,published,buy,SPCX Space X,0,0,0,7d010443693eec253a121e2aa2ba177c,20,股,188,2026-06-18 00:34:31.634529+00,2026-06-18 00:34:31.634529+00
e46c75bf-a0a7-4a92-9240-ac176f119eed,master-zhou,老周老周,2026-W31,published,buy,VRT,37,21,0,d0d4d5328d26a8a05dc12cc511acacb6,15,股,227.2,2026-07-31 00:13:08.445788+00,2026-08-01 04:21:48.826+00
e4d87e26-996e-4c54-b45b-19cd32a326c9,sharkgu,彥愷,2026-W24,published,add,8046 南電,34,26,0,d906a3a0a6cdc5c738400360801b002c,300,股,807,2026-06-11 02:03:39.123247+00,2026-06-11 02:03:39.123247+00
ea9307a6-7b6f-4fd5-90bd-f03dbfd72ff9,master-brcto,brcto,2026-W29,published,exit,071939 瑞昱統一6A購01,11,18,0,6265b1663d13f4013f3b8ffc0bccb375,30000,股,1.1,2026-07-14 02:32:21.307516+00,2026-07-14 02:32:21.307516+00
ee5167ab-7a99-4736-9fa5-eb3e68e15022,sharkgu,彥愷,2026-W29,published,exit,3693 營邦,11,24,0,e12115cb75d227f9f167f45e9406ea76,499,股,494,2026-07-14 01:27:37.779885+00,2026-07-14 01:27:37.779885+00
ef664286-a64a-412e-a369-6a66cc2a6524,sharkgu,彥愷,2026-W32,published,buy,8299 群聯,96,20,0,8c46a6d3fb665af25b35bb611d356dae,100,股,1815,2026-08-04 02:08:54.322813+00,2026-08-07 12:00:08.261+00
ef9468ae-98f5-45ca-b0f5-be6254f47b21,master-brcto,brcto,2026-W29,published,exit,068736 神達元大5B購03,11,0,0,f3394f0cdacf4f6a4e24e650b6d55e3c,20000,股,1.27,2026-07-14 02:32:21.307516+00,2026-07-14 02:32:21.307516+00
efb9d23d-7a79-4aa6-8b1f-4296cab0d856,sharkgu,彥愷,2026-W24,published,buy,8046 南電,19,11,0,79ec916e47c6c368267d76b65ea38107,200,股,864,2026-06-09 01:05:47.569844+00,2026-06-09 01:05:47.569844+00
f05afdda-7b64-4d04-bad2-d9a20709a912,master-zhou,老周老周,2026-W33,published,buy,ORCL,27,0,0,e7432a195ea0979f36bb912040505395,5,股,149.84,2026-08-13 02:46:48.402153+00,2026-08-15 00:00:10.862+00
f09d1659-ce97-447e-968a-3b696ce08fe8,master-zhou,老周老周,2026-W28,published,buy,META,200,51,0,f7232abb988c76a5a1867b9d0edf6a2d,15,股,592,2026-07-10 04:02:42.674761+00,2026-07-10 04:02:42.674761+00
f2ff6ca4-854d-42f6-a8db-74cfb973e071,master-zhou,老周老周,2026-W30,published,teaching,,0,0,143,f969377ea7ac609eb87cc17453572659,,,,2026-07-21 01:52:23.699333+00,2026-07-21 01:52:23.699333+00
f56b0198-6d81-4e10-aa14-c83eeb27822d,master-zhou,老周老周,2026-W27,published,sell,CRM 賽富時,23,0,0,a653e45c62cde137c0ea760e6b7575b6,30,股,159.33,2026-06-30 00:49:05.493441+00,2026-06-30 00:49:05.493441+00
f5d1e699-a33f-4626-bdc7-44fda06b1aaa,sharkgu,彥愷,2026-W29,published,buy,00631L 元大台灣50正2,33,0,0,024d348e23c36e690091ad8a32bb8fbe,5,張,35.88,2026-07-15 05:23:18.114979+00,2026-07-15 05:23:18.114979+00
f77ed4e9-94de-4834-8faa-4cea370993f7,master-zhou,老周老周,2026-W33,published,sell,INTC,74,16,0,55979884391258a65a1f0b225b92de3f,40,股,99.28,2026-08-11 00:05:01.41185+00,2026-08-15 00:00:10.129+00
fb5c661f-86f7-4beb-af5a-406089914858,sharkgu,彥愷,2026-W28,published,sell,6907 雅特力-KY,40,17,0,5ff6bbf90125eebca3cb67c306a714b2,1,張,185,2026-07-07 01:14:50.949542+00,2026-07-07 01:14:50.949542+00
fb6cdfd4-ac1d-40eb-896e-c6af2463c9c8,sharkgu,彥愷,2026-W19,published,buy,6526 達發,36,27,65,46cbd2c0c26e98a0a765b73150316cae,500,股,585,2026-05-04 11:52:32.542464+00,2026-05-04 11:52:32.542464+00
